order_id,customer_id,order_timestamp,weather,item_id,item_name,taste_profile
1,6,"2015-12-4 17:36:36",sunny,640405307,Regular Fries,savory
2,100,"2019-7-18 11:31:58",snowy,640405380,Large Drink,chilling
3,68,"2019-11-16 08:50:03",cloudy,640405380,Large Drink,chilling
4,95,"2015-9-20 00:17:38",sunny,640405389,Small Shake,sweet
5,24,"2018-6-10 08:35:14",cloudy,640405058,Veggie Burger,savory
6,23,"2016-8-3 13:14:51",rainy,640405355,Small Drink,chilling
7,10,"2019-2-13 04:40:05",snowy,640405085,Double Hamburger,savory
8,19,"2019-2-15 22:23:10",rainy,640405621,Veggie Cheeseburger,savory
9,43,"2019-9-8 07:18:59",snowy,640405172,Double Bacon Cheeseburger,savory
10,1,"2017-3-2 07:23:16",cloudy,640405399,Large Shake,sweet
11,7,"2017-11-2 00:47:04",sunny,640405307,Regular Fries,savory
12,82,"2017-1-1 20:18:11",cloudy,640405315,Large Fries,savory
13,28,"2016-2-13 20:09:46",sunny,640405621,Veggie Cheeseburger,savory
14,93,"2020-11-24 17:50:44",sunny,640404923,Hamburger,savory
15,82,"2020-7-2 04:23:18",rainy,640405315,Large Fries,savory
16,21,"2016-7-20 14:50:56",snowy,640405307,Regular Fries,savory
17,78,"2017-5-5 15:53:26",sunny,640405395,Regular Shake,sweet
18,42,"2015-3-24 05:45:31",cloudy,640405323,Small Curly Fries,savory
19,24,"2019-12-5 22:51:41",rainy,640405348,Coffee,bitter
20,86,"2017-4-16 11:26:51",cloudy,640405395,Regular Shake,sweet
21,58,"2020-9-14 13:22:32",rainy,640405331,Regular Curly Fries,savory
22,59,"2016-11-28 19:02:31",cloudy,640405323,Small Curly Fries,savory
23,7,"2019-11-2 01:54:49",sunny,640405323,Small Curly Fries,savory
24,17,"2019-9-11 06:25:51",sunny,640405331,Regular Curly Fries,savory
25,90,"2017-11-28 21:05:22",sunny,640405331,Regular Curly Fries,savory
26,96,"2016-1-25 05:49:45",rainy,640405389,Small Shake,sweet
27,32,"2016-5-10 23:49:26",cloudy,640405399,Large Shake,sweet
28,47,"2016-11-23 03:11:01",snowy,640405315,Large Fries,savory
29,6,"2020-3-27 04:18:43",snowy,640405172,Double Bacon Cheeseburger,savory
30,42,"2018-11-3 14:05:38",rainy,640405395,Regular Shake,sweet
31,20,"2020-7-6 18:53:19",rainy,640405315,Large Fries,savory
32,48,"2017-4-19 02:47:55",rainy,640405371,Regular Drink,chilling
33,86,"2020-5-9 06:29:58",sunny,640405347,Onion Rings,sweet
34,61,"2017-7-7 06:12:29",snowy,640405399,Large Shake,sweet
35,32,"2019-6-2 22:50:12",snowy,640405085,Double Hamburger,savory
36,100,"2017-9-8 23:38:41",rainy,640405621,Veggie Cheeseburger,savory
37,34,"2020-12-25 02:34:31",cloudy,640405172,Double Bacon Cheeseburger,savory
38,32,"2018-6-19 17:56:08",cloudy,640405323,Small Curly Fries,savory
39,28,"2017-4-14 08:30:49",cloudy,640405172,Double Bacon Cheeseburger,savory
40,82,"2019-4-28 08:42:17",sunny,640405395,Regular Shake,sweet
41,83,"2018-7-12 22:56:38",sunny,640405355,Small Drink,chilling
42,69,"2020-9-5 17:18:49",rainy,640405339,Large Curly Fries,savory
43,86,"2017-5-25 14:44:44",sunny,640405339,Large Curly Fries,savory
44,32,"2017-1-27 01:42:43",rainy,640405112,Double Cheeseburger,savory
45,21,"2020-2-18 03:28:52",snowy,640405371,Regular Drink,chilling
46,100,"2016-7-4 16:07:18",sunny,640405323,Small Curly Fries,savory
47,81,"2016-10-12 14:32:42",snowy,640405315,Large Fries,savory
48,70,"2018-3-12 16:45:28",rainy,640405315,Large Fries,savory
49,61,"2017-9-3 12:18:30",snowy,640405371,Regular Drink,chilling
50,8,"2018-5-10 17:04:12",snowy,640405172,Double Bacon Cheeseburger,savory
51,58,"2018-7-12 01:33:43",rainy,640405315,Large Fries,savory
52,20,"2018-12-1 17:33:42",rainy,640405315,Large Fries,savory
53,61,"2015-2-25 04:03:22",cloudy,640405399,Large Shake,sweet
54,25,"2017-4-18 21:57:12",cloudy,640404923,Hamburger,savory
55,21,"2020-10-7 07:10:26",rainy,640405307,Regular Fries,savory
56,35,"2017-1-15 16:16:44",snowy,640404923,Hamburger,savory
57,4,"2018-10-11 14:43:37",snowy,640405389,Small Shake,sweet
58,55,"2017-4-8 15:58:45",cloudy,640405085,Double Hamburger,savory
59,98,"2020-2-19 03:07:47",cloudy,640405058,Veggie Burger,savory
60,87,"2020-7-6 02:24:22",cloudy,640405395,Regular Shake,sweet
61,60,"2018-3-24 07:38:46",cloudy,640405399,Large Shake,sweet
62,47,"2017-1-21 17:05:45",snowy,640405323,Small Curly Fries,savory
63,71,"2019-1-7 17:25:56",cloudy,640404963,Cheeseburger,savory
64,98,"2017-12-12 20:37:09",cloudy,640405347,Onion Rings,sweet
65,52,"2016-11-2 13:20:16",cloudy,640405355,Small Drink,chilling
66,91,"2019-9-16 18:12:56",rainy,640405395,Regular Shake,sweet
67,64,"2018-4-25 11:48:09",rainy,640405399,Large Shake,sweet
68,78,"2016-10-14 19:17:52",sunny,640405395,Regular Shake,sweet
69,55,"2019-12-11 11:16:30",cloudy,640405380,Large Drink,chilling
70,85,"2016-9-13 00:12:26",rainy,640405339,Large Curly Fries,savory
71,36,"2020-5-8 07:01:19",snowy,640405399,Large Shake,sweet
72,99,"2020-4-13 09:41:47",cloudy,640405331,Regular Curly Fries,savory
73,7,"2016-10-21 11:45:01",cloudy,640405315,Large Fries,savory
74,69,"2020-1-5 07:32:27",cloudy,640405307,Regular Fries,savory
75,59,"2016-4-10 00:33:05",snowy,640405058,Veggie Burger,savory
76,80,"2018-6-19 14:45:57",sunny,640405348,Coffee,bitter
77,49,"2016-7-25 01:36:30",rainy,640405399,Large Shake,sweet
78,55,"2019-11-18 05:20:55",rainy,640405085,Double Hamburger,savory
79,52,"2015-9-12 08:51:51",cloudy,640405331,Regular Curly Fries,savory
80,24,"2017-10-6 14:00:08",snowy,640405085,Double Hamburger,savory
81,46,"2016-3-17 21:50:13",sunny,640405347,Onion Rings,sweet
82,76,"2018-8-11 18:16:23",cloudy,640405371,Regular Drink,chilling
83,78,"2015-11-12 09:44:51",cloudy,640405380,Large Drink,chilling
84,98,"2019-5-15 18:26:08",sunny,640405347,Onion Rings,sweet
85,73,"2019-2-1 05:22:58",sunny,640404923,Hamburger,savory
86,56,"2015-1-21 03:38:18",rainy,640405347,Onion Rings,sweet
87,95,"2016-4-24 01:34:00",sunny,640405339,Large Curly Fries,savory
88,11,"2015-9-14 12:28:41",snowy,640404923,Hamburger,savory
89,76,"2019-10-9 17:12:46",sunny,640405307,Regular Fries,savory
90,57,"2020-2-10 08:53:13",cloudy,640405058,Veggie Burger,savory
91,7,"2018-1-18 07:52:15",sunny,640405339,Large Curly Fries,savory
92,49,"2015-5-19 09:16:56",rainy,640405399,Large Shake,sweet
93,61,"2020-9-5 20:47:21",sunny,640405380,Large Drink,chilling
94,22,"2015-8-13 07:34:12",sunny,640405339,Large Curly Fries,savory
95,88,"2018-11-20 19:36:16",sunny,640405347,Onion Rings,sweet
96,95,"2017-4-28 19:23:12",sunny,640405355,Small Drink,chilling
97,10,"2020-7-11 13:31:21",sunny,640404923,Hamburger,savory
98,95,"2016-6-23 07:07:17",sunny,640405085,Double Hamburger,savory
99,22,"2018-7-15 03:01:16",sunny,640405339,Large Curly Fries,savory
100,18,"2017-7-18 13:16:15",rainy,640405380,Large Drink,chilling
101,99,"2020-2-4 02:29:52",snowy,640405331,Regular Curly Fries,savory
102,17,"2016-8-13 21:35:11",snowy,640405348,Coffee,bitter
103,55,"2018-4-18 20:44:51",cloudy,640405621,Veggie Cheeseburger,savory
104,81,"2016-10-24 03:53:16",rainy,640405339,Large Curly Fries,savory
105,5,"2015-11-26 08:06:46",snowy,640405315,Large Fries,savory
106,2,"2015-9-17 23:42:04",snowy,640405371,Regular Drink,chilling
107,99,"2020-2-24 15:03:58",sunny,640405371,Regular Drink,chilling
108,32,"2020-10-26 14:16:32",rainy,640405085,Double Hamburger,savory
109,97,"2020-5-6 12:56:57",rainy,640404923,Hamburger,savory
110,27,"2020-11-27 01:52:07",rainy,640405399,Large Shake,sweet
111,36,"2017-10-15 11:22:11",sunny,640405380,Large Drink,chilling
112,16,"2018-12-6 22:35:23",cloudy,640405331,Regular Curly Fries,savory
113,25,"2015-6-7 16:18:06",rainy,640405058,Veggie Burger,savory
114,1,"2016-12-10 23:25:58",snowy,640405058,Veggie Burger,savory
115,41,"2019-11-5 18:46:40",rainy,640405025,Bacon Cheeseburger,savory
116,98,"2019-3-27 08:08:03",sunny,640405371,Regular Drink,chilling
117,81,"2020-10-12 11:56:30",sunny,640405380,Large Drink,chilling
118,85,"2017-11-10 01:08:49",snowy,640405339,Large Curly Fries,savory
119,25,"2020-2-27 01:20:41",rainy,640405315,Large Fries,savory
120,8,"2019-1-20 19:18:49",cloudy,640405339,Large Curly Fries,savory
121,3,"2016-8-16 16:51:45",rainy,640405315,Large Fries,savory
122,59,"2020-5-25 22:33:23",rainy,640405389,Small Shake,sweet
123,55,"2015-12-18 14:57:53",cloudy,640404963,Cheeseburger,savory
124,65,"2020-7-13 03:50:01",sunny,640405348,Coffee,bitter
125,35,"2018-5-1 01:23:03",cloudy,640405371,Regular Drink,chilling
126,40,"2015-5-4 07:28:47",rainy,640405348,Coffee,bitter
127,53,"2015-1-10 04:00:33",sunny,640405380,Large Drink,chilling
128,1,"2019-3-2 21:26:34",cloudy,640405307,Regular Fries,savory
129,80,"2015-8-23 12:04:38",rainy,640405323,Small Curly Fries,savory
130,60,"2018-10-18 14:07:27",sunny,640405339,Large Curly Fries,savory
131,40,"2015-2-28 02:31:57",cloudy,640405348,Coffee,bitter
132,50,"2015-4-21 13:11:35",rainy,640405355,Small Drink,chilling
133,88,"2017-7-28 21:23:16",rainy,640404923,Hamburger,savory
134,66,"2020-10-10 06:22:20",cloudy,640405399,Large Shake,sweet
135,4,"2015-8-18 11:33:20",snowy,640405112,Double Cheeseburger,savory
136,26,"2018-2-24 22:57:49",snowy,640405323,Small Curly Fries,savory
137,53,"2016-4-19 18:40:00",cloudy,640405323,Small Curly Fries,savory
138,76,"2020-4-21 12:15:18",snowy,640405621,Veggie Cheeseburger,savory
139,78,"2017-12-5 10:06:54",snowy,640405371,Regular Drink,chilling
140,43,"2020-12-19 14:48:52",snowy,640405339,Large Curly Fries,savory
141,13,"2016-10-26 07:42:13",cloudy,640405331,Regular Curly Fries,savory
142,90,"2018-6-4 13:21:58",cloudy,640405380,Large Drink,chilling
143,15,"2015-5-9 22:08:50",snowy,640405395,Regular Shake,sweet
144,61,"2016-8-6 15:31:01",rainy,640405315,Large Fries,savory
145,44,"2019-1-27 11:38:40",snowy,640405355,Small Drink,chilling
146,62,"2016-9-24 01:49:20",snowy,640405371,Regular Drink,chilling
147,21,"2015-9-7 20:17:50",cloudy,640405339,Large Curly Fries,savory
148,61,"2020-2-17 18:53:26",sunny,640405296,Small Fries,savory
149,65,"2016-8-3 18:38:01",rainy,640405323,Small Curly Fries,savory
150,50,"2018-6-11 09:07:14",snowy,640404963,Cheeseburger,savory
151,27,"2020-4-10 13:33:33",rainy,640405371,Regular Drink,chilling
152,50,"2015-2-18 06:26:19",snowy,640405347,Onion Rings,sweet
153,34,"2017-8-8 21:24:11",rainy,640405347,Onion Rings,sweet
154,23,"2018-6-25 07:31:33",sunny,640405307,Regular Fries,savory
155,44,"2015-4-5 06:31:10",sunny,640405172,Double Bacon Cheeseburger,savory
156,85,"2018-5-14 12:35:28",rainy,640405380,Large Drink,chilling
157,69,"2017-6-19 05:49:18",snowy,640405389,Small Shake,sweet
158,77,"2017-1-23 16:18:49",sunny,640405315,Large Fries,savory
159,71,"2020-5-5 23:00:12",sunny,640405355,Small Drink,chilling
160,41,"2015-10-16 13:59:36",cloudy,640404963,Cheeseburger,savory
161,22,"2019-2-5 06:57:45",snowy,640405395,Regular Shake,sweet
162,100,"2020-6-2 16:15:28",rainy,640405347,Onion Rings,sweet
163,81,"2017-4-28 04:00:31",rainy,640405058,Veggie Burger,savory
164,87,"2015-7-4 02:38:32",rainy,640405380,Large Drink,chilling
165,96,"2018-4-12 20:19:10",rainy,640405347,Onion Rings,sweet
166,4,"2019-10-11 08:37:10",rainy,640405348,Coffee,bitter
167,93,"2018-10-17 21:11:22",sunny,640404923,Hamburger,savory
168,19,"2017-1-25 20:13:10",sunny,640405172,Double Bacon Cheeseburger,savory
169,65,"2015-5-18 01:26:04",sunny,640405323,Small Curly Fries,savory
170,59,"2017-6-1 12:54:28",snowy,640405380,Large Drink,chilling
171,33,"2019-4-20 16:18:25",snowy,640405112,Double Cheeseburger,savory
172,42,"2017-6-18 22:01:44",snowy,640405399,Large Shake,sweet
173,32,"2017-5-26 03:14:21",rainy,640405296,Small Fries,savory
174,52,"2019-4-1 08:56:07",snowy,640405315,Large Fries,savory
175,7,"2018-12-22 20:23:16",cloudy,640405315,Large Fries,savory
176,59,"2019-6-9 20:48:21",rainy,640405025,Bacon Cheeseburger,savory
177,72,"2019-8-11 13:50:11",cloudy,640405085,Double Hamburger,savory
178,25,"2019-10-15 18:05:30",sunny,640405371,Regular Drink,chilling
179,31,"2015-1-4 17:16:53",sunny,640404923,Hamburger,savory
180,71,"2020-4-5 02:36:15",rainy,640405371,Regular Drink,chilling
181,58,"2019-8-9 04:02:41",rainy,640405380,Large Drink,chilling
182,25,"2015-7-14 16:42:21",snowy,640405323,Small Curly Fries,savory
183,92,"2019-11-16 22:14:46",sunny,640405085,Double Hamburger,savory
184,32,"2017-12-25 06:21:03",snowy,640405371,Regular Drink,chilling
185,50,"2018-7-23 01:06:02",cloudy,640404963,Cheeseburger,savory
186,59,"2016-7-24 15:38:03",snowy,640405621,Veggie Cheeseburger,savory
187,97,"2018-7-14 00:00:21",snowy,640404963,Cheeseburger,savory
188,14,"2017-1-21 13:47:13",cloudy,640405348,Coffee,bitter
189,63,"2019-10-6 01:40:12",snowy,640405323,Small Curly Fries,savory
190,9,"2017-2-1 09:09:18",snowy,640405395,Regular Shake,sweet
191,61,"2018-10-28 16:38:22",cloudy,640405355,Small Drink,chilling
192,60,"2017-2-17 08:30:35",snowy,640405389,Small Shake,sweet
193,44,"2018-3-26 02:36:03",rainy,640404923,Hamburger,savory
194,86,"2017-3-15 13:20:41",snowy,640405621,Veggie Cheeseburger,savory
195,50,"2020-5-22 06:45:52",sunny,640405315,Large Fries,savory
196,51,"2020-4-19 18:01:11",rainy,640405371,Regular Drink,chilling
197,61,"2020-2-6 04:07:59",sunny,640405296,Small Fries,savory
198,74,"2018-7-17 12:59:42",sunny,640405380,Large Drink,chilling
199,39,"2019-3-13 05:35:07",cloudy,640405380,Large Drink,chilling
200,49,"2020-1-26 09:52:04",rainy,640405112,Double Cheeseburger,savory
201,86,"2018-3-7 17:10:34",snowy,640405331,Regular Curly Fries,savory
202,17,"2015-4-20 22:37:15",snowy,640405347,Onion Rings,sweet
203,23,"2015-7-6 21:38:41",snowy,640405355,Small Drink,chilling
204,73,"2018-5-16 01:33:48",rainy,640405389,Small Shake,sweet
205,31,"2016-4-16 20:58:38",cloudy,640405296,Small Fries,savory
206,75,"2019-2-15 11:41:38",cloudy,640405339,Large Curly Fries,savory
207,64,"2019-5-23 03:42:32",cloudy,640405296,Small Fries,savory
208,18,"2016-12-9 22:32:56",rainy,640405355,Small Drink,chilling
209,90,"2020-10-15 01:19:20",sunny,640405296,Small Fries,savory
210,36,"2015-7-14 12:08:56",rainy,640405347,Onion Rings,sweet
211,65,"2019-10-17 00:55:36",sunny,640405323,Small Curly Fries,savory
212,49,"2019-3-13 07:06:06",cloudy,640405389,Small Shake,sweet
213,45,"2019-6-16 15:13:07",rainy,640405058,Veggie Burger,savory
214,37,"2016-7-24 00:41:26",rainy,640405380,Large Drink,chilling
215,46,"2016-9-13 21:33:11",rainy,640404923,Hamburger,savory
216,84,"2015-7-15 03:33:41",snowy,640405296,Small Fries,savory
217,35,"2017-10-2 03:53:23",sunny,640405085,Double Hamburger,savory
218,86,"2020-10-6 13:52:48",cloudy,640405112,Double Cheeseburger,savory
219,67,"2020-1-11 12:41:57",sunny,640405307,Regular Fries,savory
220,5,"2016-11-20 21:22:15",rainy,640405025,Bacon Cheeseburger,savory
221,7,"2016-8-24 09:16:57",rainy,640405315,Large Fries,savory
222,19,"2018-2-26 09:23:57",rainy,640404923,Hamburger,savory
223,48,"2018-2-4 12:34:34",snowy,640405380,Large Drink,chilling
224,30,"2015-5-18 04:15:16",snowy,640405339,Large Curly Fries,savory
225,49,"2015-11-15 20:31:20",snowy,640405395,Regular Shake,sweet
226,58,"2015-9-19 13:02:37",sunny,640405389,Small Shake,sweet
227,19,"2019-8-26 21:30:24",cloudy,640405380,Large Drink,chilling
228,7,"2015-1-21 19:06:00",sunny,640405058,Veggie Burger,savory
229,38,"2018-2-2 11:51:17",snowy,640405058,Veggie Burger,savory
230,33,"2020-2-10 01:42:33",sunny,640405380,Large Drink,chilling
231,62,"2015-6-6 20:49:16",sunny,640405621,Veggie Cheeseburger,savory
232,82,"2017-2-11 02:06:32",snowy,640405395,Regular Shake,sweet
233,96,"2015-2-25 02:45:57",cloudy,640405348,Coffee,bitter
234,68,"2015-10-20 02:31:25",snowy,640405085,Double Hamburger,savory
235,57,"2017-3-14 11:15:24",snowy,640405355,Small Drink,chilling
236,86,"2015-8-18 23:30:22",rainy,640405621,Veggie Cheeseburger,savory
237,30,"2015-6-5 21:35:00",cloudy,640405348,Coffee,bitter
238,7,"2019-1-26 23:48:55",rainy,640405085,Double Hamburger,savory
239,74,"2017-10-10 10:23:03",snowy,640405389,Small Shake,sweet
240,19,"2018-1-22 09:02:27",snowy,640404923,Hamburger,savory
241,34,"2020-4-18 12:46:09",sunny,640405371,Regular Drink,chilling
242,61,"2015-5-14 03:41:41",sunny,640405355,Small Drink,chilling
243,91,"2015-1-28 10:19:03",sunny,640405371,Regular Drink,chilling
244,26,"2016-1-24 15:47:38",rainy,640405380,Large Drink,chilling
245,67,"2019-4-15 06:00:32",snowy,640405389,Small Shake,sweet
246,11,"2016-7-4 04:50:21",sunny,640404923,Hamburger,savory
247,13,"2015-8-22 18:17:47",sunny,640405058,Veggie Burger,savory
248,33,"2016-5-26 17:44:56",rainy,640405331,Regular Curly Fries,savory
249,88,"2020-12-9 15:40:36",snowy,640405331,Regular Curly Fries,savory
250,3,"2016-7-22 12:37:59",rainy,640405395,Regular Shake,sweet
251,38,"2017-11-16 08:00:35",snowy,640405307,Regular Fries,savory
252,49,"2020-2-4 17:14:43",sunny,640405395,Regular Shake,sweet
253,79,"2019-4-3 02:17:49",sunny,640405323,Small Curly Fries,savory
254,4,"2015-8-6 13:28:24",snowy,640405348,Coffee,bitter
255,62,"2019-10-6 18:43:34",sunny,640404923,Hamburger,savory
256,69,"2016-8-28 07:56:26",rainy,640405348,Coffee,bitter
257,40,"2019-12-9 06:54:11",cloudy,640405355,Small Drink,chilling
258,36,"2016-12-5 13:38:11",sunny,640405395,Regular Shake,sweet
259,71,"2015-3-6 23:06:10",rainy,640404923,Hamburger,savory
260,38,"2018-6-7 07:23:09",rainy,640405296,Small Fries,savory
261,94,"2018-6-8 16:42:49",snowy,640405339,Large Curly Fries,savory
262,33,"2016-6-28 13:30:41",sunny,640405347,Onion Rings,sweet
263,42,"2019-6-14 18:27:10",snowy,640405339,Large Curly Fries,savory
264,55,"2020-10-12 12:21:24",cloudy,640405339,Large Curly Fries,savory
265,28,"2018-8-20 00:49:25",snowy,640405355,Small Drink,chilling
266,7,"2016-1-24 16:04:05",rainy,640405331,Regular Curly Fries,savory
267,61,"2020-12-7 11:05:01",sunny,640405395,Regular Shake,sweet
268,83,"2020-2-6 06:39:32",snowy,640405323,Small Curly Fries,savory
269,27,"2020-9-27 23:49:15",rainy,640405331,Regular Curly Fries,savory
270,35,"2015-4-17 04:03:32",sunny,640405058,Veggie Burger,savory
271,2,"2020-11-3 05:52:22",rainy,640404963,Cheeseburger,savory
272,19,"2018-1-17 18:04:15",sunny,640405315,Large Fries,savory
273,31,"2017-4-5 17:55:24",rainy,640404923,Hamburger,savory
274,49,"2020-5-22 21:07:48",sunny,640404963,Cheeseburger,savory
275,36,"2018-3-5 22:26:10",rainy,640405025,Bacon Cheeseburger,savory
276,84,"2017-12-1 04:52:10",snowy,640405058,Veggie Burger,savory
277,73,"2019-11-10 16:01:03",rainy,640405296,Small Fries,savory
278,74,"2017-5-26 19:51:29",rainy,640405347,Onion Rings,sweet
279,15,"2020-6-22 23:09:31",snowy,640404963,Cheeseburger,savory
280,3,"2016-10-18 19:30:14",sunny,640405355,Small Drink,chilling
281,63,"2015-6-28 22:01:02",snowy,640405339,Large Curly Fries,savory
282,27,"2018-1-20 02:35:37",rainy,640405347,Onion Rings,sweet
283,86,"2019-9-27 17:08:43",snowy,640404963,Cheeseburger,savory
284,12,"2019-7-23 23:17:24",snowy,640405355,Small Drink,chilling
285,87,"2015-12-11 09:34:13",snowy,640405339,Large Curly Fries,savory
286,84,"2015-2-18 11:34:12",sunny,640405355,Small Drink,chilling
287,82,"2016-6-12 03:54:05",cloudy,640405399,Large Shake,sweet
288,73,"2019-5-21 17:50:07",cloudy,640405347,Onion Rings,sweet
289,64,"2020-3-3 00:35:04",sunny,640405355,Small Drink,chilling
290,97,"2016-8-21 19:29:41",rainy,640405380,Large Drink,chilling
291,31,"2018-10-28 10:11:03",cloudy,640405307,Regular Fries,savory
292,58,"2016-7-19 14:26:57",snowy,640405389,Small Shake,sweet
293,62,"2019-12-4 12:11:18",snowy,640405331,Regular Curly Fries,savory
294,11,"2017-3-26 02:54:04",cloudy,640405339,Large Curly Fries,savory
295,79,"2018-6-14 20:47:54",rainy,640405307,Regular Fries,savory
296,22,"2020-9-2 16:40:59",sunny,640405389,Small Shake,sweet
297,50,"2016-6-15 14:06:53",cloudy,640405331,Regular Curly Fries,savory
298,57,"2020-12-19 22:24:08",sunny,640405399,Large Shake,sweet
299,80,"2017-12-25 12:24:57",rainy,640405323,Small Curly Fries,savory
300,6,"2020-9-19 22:35:51",rainy,640405389,Small Shake,sweet
301,45,"2016-7-24 06:47:27",snowy,640405307,Regular Fries,savory
302,52,"2017-7-16 19:14:51",snowy,640405348,Coffee,bitter
303,4,"2015-8-1 07:56:59",rainy,640405371,Regular Drink,chilling
304,87,"2020-12-2 22:19:43",rainy,640404923,Hamburger,savory
305,65,"2018-10-22 07:39:52",rainy,640405395,Regular Shake,sweet
306,59,"2018-2-2 21:09:32",cloudy,640405399,Large Shake,sweet
307,88,"2015-12-5 09:17:56",sunny,640405348,Coffee,bitter
308,55,"2020-2-13 05:33:30",cloudy,640405621,Veggie Cheeseburger,savory
309,32,"2018-7-22 10:01:01",rainy,640405085,Double Hamburger,savory
310,30,"2018-12-16 08:45:13",rainy,640405025,Bacon Cheeseburger,savory
311,50,"2019-9-21 21:11:34",snowy,640405112,Double Cheeseburger,savory
312,16,"2015-12-6 17:27:39",cloudy,640405296,Small Fries,savory
313,46,"2016-4-16 11:57:52",sunny,640405323,Small Curly Fries,savory
314,70,"2016-5-23 11:53:46",rainy,640405296,Small Fries,savory
315,48,"2016-10-13 21:29:34",rainy,640405085,Double Hamburger,savory
316,25,"2016-10-23 14:38:37",rainy,640405355,Small Drink,chilling
317,41,"2019-4-12 20:52:37",sunny,640405331,Regular Curly Fries,savory
318,12,"2016-6-4 07:47:37",rainy,640405307,Regular Fries,savory
319,25,"2020-10-7 05:34:52",rainy,640404923,Hamburger,savory
320,32,"2015-12-17 05:46:00",rainy,640405331,Regular Curly Fries,savory
321,64,"2015-11-27 06:36:49",sunny,640404923,Hamburger,savory
322,81,"2018-6-18 13:33:36",rainy,640405331,Regular Curly Fries,savory
323,73,"2015-9-24 17:13:47",rainy,640405315,Large Fries,savory
324,91,"2019-7-23 02:16:10",rainy,640405323,Small Curly Fries,savory
325,7,"2015-12-24 03:17:04",cloudy,640405323,Small Curly Fries,savory
326,54,"2016-7-18 03:25:21",cloudy,640405355,Small Drink,chilling
327,58,"2020-12-23 02:08:54",cloudy,640405621,Veggie Cheeseburger,savory
328,21,"2017-5-7 13:22:56",sunny,640405339,Large Curly Fries,savory
329,10,"2020-7-9 16:58:39",snowy,640405085,Double Hamburger,savory
330,95,"2015-8-4 00:53:26",cloudy,640405621,Veggie Cheeseburger,savory
331,5,"2016-3-6 16:21:49",rainy,640405315,Large Fries,savory
332,76,"2015-3-2 07:56:45",sunny,640405296,Small Fries,savory
333,25,"2016-8-26 04:38:52",sunny,640405380,Large Drink,chilling
334,27,"2015-12-2 10:22:50",sunny,640405315,Large Fries,savory
335,65,"2018-2-1 01:49:34",cloudy,640405172,Double Bacon Cheeseburger,savory
336,25,"2020-11-25 22:53:02",snowy,640405371,Regular Drink,chilling
337,47,"2018-3-2 00:40:47",rainy,640405331,Regular Curly Fries,savory
338,50,"2017-5-4 18:06:49",cloudy,640405339,Large Curly Fries,savory
339,43,"2016-4-21 05:21:57",sunny,640405355,Small Drink,chilling
340,78,"2019-9-7 09:24:14",sunny,640405355,Small Drink,chilling
341,44,"2020-8-25 19:36:58",sunny,640405371,Regular Drink,chilling
342,87,"2017-5-24 12:21:01",sunny,640405085,Double Hamburger,savory
343,86,"2019-12-17 02:03:09",sunny,640405380,Large Drink,chilling
344,29,"2018-4-16 15:17:18",snowy,640404923,Hamburger,savory
345,46,"2016-3-20 12:12:24",snowy,640405347,Onion Rings,sweet
346,63,"2015-12-27 00:35:56",snowy,640405058,Veggie Burger,savory
347,78,"2016-11-27 09:42:29",sunny,640405331,Regular Curly Fries,savory
348,36,"2019-7-12 14:47:24",snowy,640405380,Large Drink,chilling
349,8,"2020-5-26 00:27:15",snowy,640405339,Large Curly Fries,savory
350,1,"2018-1-27 00:27:23",cloudy,640404963,Cheeseburger,savory
351,45,"2015-8-15 19:35:57",snowy,640405058,Veggie Burger,savory
352,76,"2019-11-14 19:06:03",rainy,640405347,Onion Rings,sweet
353,9,"2017-3-20 12:10:49",snowy,640405399,Large Shake,sweet
354,68,"2015-10-16 12:38:06",cloudy,640405058,Veggie Burger,savory
355,85,"2018-9-9 18:34:50",rainy,640405323,Small Curly Fries,savory
356,81,"2017-11-1 21:32:47",rainy,640404923,Hamburger,savory
357,83,"2016-11-10 05:00:17",sunny,640405348,Coffee,bitter
358,66,"2019-12-21 19:28:24",cloudy,640405347,Onion Rings,sweet
359,17,"2016-10-10 03:49:42",snowy,640405331,Regular Curly Fries,savory
360,76,"2016-10-26 05:01:08",sunny,640405380,Large Drink,chilling
361,11,"2018-8-4 21:25:06",snowy,640405331,Regular Curly Fries,savory
362,28,"2016-8-15 17:24:07",cloudy,640405389,Small Shake,sweet
363,79,"2017-10-4 11:18:35",cloudy,640405315,Large Fries,savory
364,64,"2015-12-13 03:08:41",sunny,640405348,Coffee,bitter
365,51,"2020-4-27 05:30:44",snowy,640405296,Small Fries,savory
366,10,"2020-2-6 05:32:21",cloudy,640405371,Regular Drink,chilling
367,76,"2018-5-8 00:00:58",snowy,640405025,Bacon Cheeseburger,savory
368,79,"2017-12-23 03:57:23",sunny,640405339,Large Curly Fries,savory
369,22,"2018-10-17 16:12:00",cloudy,640405112,Double Cheeseburger,savory
370,63,"2015-10-18 19:58:08",snowy,640405371,Regular Drink,chilling
371,23,"2020-11-28 11:59:14",sunny,640405380,Large Drink,chilling
372,46,"2017-4-2 21:08:41",snowy,640405339,Large Curly Fries,savory
373,89,"2020-2-22 21:51:35",sunny,640404963,Cheeseburger,savory
374,77,"2016-9-14 04:26:19",sunny,640405355,Small Drink,chilling
375,44,"2020-2-28 15:05:58",rainy,640405389,Small Shake,sweet
376,67,"2019-3-9 15:00:53",cloudy,640405307,Regular Fries,savory
377,40,"2017-5-20 05:14:41",snowy,640405399,Large Shake,sweet
378,92,"2017-10-21 19:49:43",cloudy,640405621,Veggie Cheeseburger,savory
379,3,"2016-7-24 18:41:06",rainy,640405355,Small Drink,chilling
380,94,"2018-1-19 04:19:21",sunny,640404923,Hamburger,savory
381,14,"2019-1-6 00:21:51",cloudy,640405395,Regular Shake,sweet
382,69,"2015-8-26 21:18:42",rainy,640405331,Regular Curly Fries,savory
383,40,"2016-3-3 15:46:18",snowy,640405331,Regular Curly Fries,savory
384,84,"2019-7-10 07:03:54",cloudy,640405399,Large Shake,sweet
385,58,"2020-6-14 10:29:07",cloudy,640405307,Regular Fries,savory
386,6,"2016-11-6 18:04:52",cloudy,640405347,Onion Rings,sweet
387,97,"2020-2-14 18:28:11",rainy,640405339,Large Curly Fries,savory
388,63,"2019-10-3 19:06:17",snowy,640405323,Small Curly Fries,savory
389,26,"2019-6-8 22:33:19",snowy,640404923,Hamburger,savory
390,36,"2015-1-8 16:50:46",sunny,640405348,Coffee,bitter
391,64,"2016-8-26 12:41:09",rainy,640405315,Large Fries,savory
392,72,"2020-7-4 04:29:11",sunny,640404923,Hamburger,savory
393,10,"2016-3-27 03:57:49",snowy,640405112,Double Cheeseburger,savory
394,43,"2016-10-4 22:24:02",sunny,640405339,Large Curly Fries,savory
395,21,"2017-3-7 14:48:00",sunny,640405355,Small Drink,chilling
396,79,"2015-1-19 06:02:38",sunny,640405323,Small Curly Fries,savory
397,44,"2018-11-12 18:30:34",snowy,640405296,Small Fries,savory
398,32,"2019-5-22 02:03:35",snowy,640405348,Coffee,bitter
399,99,"2017-3-13 01:17:38",cloudy,640405339,Large Curly Fries,savory
400,27,"2016-5-27 04:16:04",cloudy,640405347,Onion Rings,sweet
401,54,"2018-1-9 10:12:18",cloudy,640405347,Onion Rings,sweet
402,57,"2017-7-16 16:59:15",snowy,640405395,Regular Shake,sweet
403,9,"2015-6-24 01:56:37",snowy,640404963,Cheeseburger,savory
404,51,"2019-4-16 07:57:27",snowy,640405355,Small Drink,chilling
405,2,"2016-9-8 01:12:27",snowy,640405296,Small Fries,savory
406,57,"2015-12-15 02:47:02",snowy,640405315,Large Fries,savory
407,22,"2018-10-27 23:41:08",rainy,640405621,Veggie Cheeseburger,savory
408,92,"2018-8-13 14:08:23",sunny,640405331,Regular Curly Fries,savory
409,89,"2019-5-14 20:50:01",snowy,640405296,Small Fries,savory
410,14,"2020-8-12 15:14:36",sunny,640405085,Double Hamburger,savory
411,12,"2016-10-6 04:30:00",sunny,640405371,Regular Drink,chilling
412,93,"2018-11-17 01:56:33",cloudy,640405355,Small Drink,chilling
413,47,"2016-6-23 12:45:01",sunny,640405339,Large Curly Fries,savory
414,89,"2019-5-26 21:14:18",sunny,640405339,Large Curly Fries,savory
415,6,"2020-9-16 10:48:02",snowy,640405323,Small Curly Fries,savory
416,95,"2018-7-28 06:37:21",sunny,640405307,Regular Fries,savory
417,30,"2017-2-9 11:23:54",cloudy,640404963,Cheeseburger,savory
418,1,"2018-4-13 06:15:51",cloudy,640405315,Large Fries,savory
419,37,"2016-9-21 23:13:36",cloudy,640405315,Large Fries,savory
420,21,"2019-8-17 02:15:32",sunny,640405323,Small Curly Fries,savory
421,26,"2015-5-19 04:28:35",snowy,640405331,Regular Curly Fries,savory
422,28,"2017-5-13 23:31:25",rainy,640405371,Regular Drink,chilling
423,45,"2019-4-22 20:04:31",snowy,640405172,Double Bacon Cheeseburger,savory
424,69,"2019-2-9 05:40:04",snowy,640405323,Small Curly Fries,savory
425,28,"2018-7-14 22:43:10",cloudy,640405399,Large Shake,sweet
426,60,"2018-4-21 00:11:22",sunny,640405348,Coffee,bitter
427,84,"2016-12-6 09:13:50",cloudy,640405347,Onion Rings,sweet
428,18,"2020-9-17 11:21:28",snowy,640405323,Small Curly Fries,savory
429,35,"2020-10-1 03:58:06",rainy,640405307,Regular Fries,savory
430,71,"2018-6-15 23:08:00",rainy,640404963,Cheeseburger,savory
431,81,"2020-1-21 21:16:10",cloudy,640405355,Small Drink,chilling
432,99,"2020-3-24 07:14:12",snowy,640405355,Small Drink,chilling
433,67,"2018-4-7 00:03:56",sunny,640405296,Small Fries,savory
434,71,"2017-4-2 19:29:15",sunny,640405172,Double Bacon Cheeseburger,savory
435,7,"2020-2-28 14:16:09",snowy,640405323,Small Curly Fries,savory
436,17,"2016-5-26 18:52:27",cloudy,640405355,Small Drink,chilling
437,31,"2018-12-19 11:17:57",sunny,640405296,Small Fries,savory
438,18,"2019-12-7 10:04:12",sunny,640404923,Hamburger,savory
439,61,"2016-11-19 14:31:01",cloudy,640405339,Large Curly Fries,savory
440,67,"2020-9-7 09:39:02",sunny,640405347,Onion Rings,sweet
441,27,"2016-8-25 17:18:51",sunny,640405339,Large Curly Fries,savory
442,98,"2018-2-11 09:28:03",cloudy,640405399,Large Shake,sweet
443,73,"2018-9-19 00:31:40",rainy,640405389,Small Shake,sweet
444,84,"2017-11-5 08:06:32",cloudy,640405339,Large Curly Fries,savory
445,85,"2015-12-26 19:27:47",snowy,640404963,Cheeseburger,savory
446,46,"2016-6-4 15:19:58",snowy,640405371,Regular Drink,chilling
447,82,"2017-3-21 17:56:42",sunny,640404923,Hamburger,savory
448,12,"2017-5-19 17:28:59",rainy,640405315,Large Fries,savory
449,63,"2015-5-1 03:37:49",cloudy,640405339,Large Curly Fries,savory
450,57,"2019-11-26 05:03:45",sunny,640405331,Regular Curly Fries,savory
451,61,"2018-8-27 12:24:35",cloudy,640405380,Large Drink,chilling
452,52,"2020-2-9 05:17:34",sunny,640405355,Small Drink,chilling
453,83,"2019-1-21 18:53:05",snowy,640405331,Regular Curly Fries,savory
454,7,"2018-3-16 10:50:01",cloudy,640405315,Large Fries,savory
455,93,"2015-6-5 21:14:57",sunny,640405380,Large Drink,chilling
456,62,"2020-9-6 02:58:20",snowy,640405315,Large Fries,savory
457,59,"2015-1-7 22:39:37",snowy,640405371,Regular Drink,chilling
458,86,"2018-9-20 07:19:39",cloudy,640404963,Cheeseburger,savory
459,6,"2016-1-4 10:52:59",sunny,640405172,Double Bacon Cheeseburger,savory
460,58,"2015-4-3 10:17:10",rainy,640405371,Regular Drink,chilling
461,98,"2016-7-17 00:45:10",rainy,640404963,Cheeseburger,savory
462,71,"2018-1-17 07:17:38",cloudy,640405339,Large Curly Fries,savory
463,50,"2018-12-12 20:59:18",sunny,640405172,Double Bacon Cheeseburger,savory
464,38,"2019-9-5 15:33:25",sunny,640405399,Large Shake,sweet
465,1,"2016-3-17 15:42:17",snowy,640405399,Large Shake,sweet
466,56,"2015-9-1 20:18:05",sunny,640405355,Small Drink,chilling
467,91,"2017-5-22 15:18:04",snowy,640405112,Double Cheeseburger,savory
468,44,"2020-7-20 19:15:13",snowy,640405112,Double Cheeseburger,savory
469,86,"2018-5-22 09:02:01",snowy,640405025,Bacon Cheeseburger,savory
470,75,"2017-3-23 04:13:05",rainy,640405348,Coffee,bitter
471,8,"2017-11-13 04:48:51",sunny,640405315,Large Fries,savory
472,5,"2018-10-11 21:38:08",sunny,640405395,Regular Shake,sweet
473,2,"2019-10-14 22:17:55",sunny,640405323,Small Curly Fries,savory
474,83,"2017-6-9 09:35:10",sunny,640405395,Regular Shake,sweet
475,69,"2019-7-17 23:58:38",sunny,640405058,Veggie Burger,savory
476,54,"2015-2-12 05:20:31",sunny,640404963,Cheeseburger,savory
477,96,"2018-10-20 18:38:27",snowy,640405371,Regular Drink,chilling
478,44,"2015-4-8 21:00:44",cloudy,640405371,Regular Drink,chilling
479,93,"2020-10-3 19:43:08",rainy,640405380,Large Drink,chilling
480,93,"2018-3-12 16:49:37",snowy,640405172,Double Bacon Cheeseburger,savory
481,32,"2019-4-21 04:23:07",rainy,640405307,Regular Fries,savory
482,27,"2020-5-14 12:41:30",cloudy,640405307,Regular Fries,savory
483,63,"2019-7-19 10:12:26",cloudy,640405331,Regular Curly Fries,savory
484,25,"2018-10-22 06:43:01",sunny,640405058,Veggie Burger,savory
485,15,"2016-6-22 14:47:31",cloudy,640405399,Large Shake,sweet
486,4,"2017-6-14 14:51:20",cloudy,640405621,Veggie Cheeseburger,savory
487,95,"2015-12-8 19:52:57",sunny,640405323,Small Curly Fries,savory
488,6,"2016-11-25 23:08:00",rainy,640405296,Small Fries,savory
489,27,"2018-6-24 22:15:05",snowy,640405331,Regular Curly Fries,savory
490,36,"2019-1-12 10:08:26",sunny,640405315,Large Fries,savory
491,14,"2016-8-18 01:43:57",snowy,640405331,Regular Curly Fries,savory
492,71,"2020-12-9 05:09:26",rainy,640405348,Coffee,bitter
493,64,"2017-5-23 03:39:22",sunny,640405331,Regular Curly Fries,savory
494,98,"2016-7-12 16:14:42",cloudy,640404923,Hamburger,savory
495,8,"2018-2-26 00:02:50",rainy,640405339,Large Curly Fries,savory
496,50,"2020-4-11 12:06:35",cloudy,640405323,Small Curly Fries,savory
497,59,"2017-1-22 23:50:02",sunny,640405307,Regular Fries,savory
498,53,"2018-7-27 20:40:27",cloudy,640405380,Large Drink,chilling
499,80,"2020-9-7 22:38:16",snowy,640405331,Regular Curly Fries,savory
500,98,"2017-4-12 22:39:22",rainy,640405307,Regular Fries,savory
501,99,"2017-4-25 07:31:25",rainy,640405371,Regular Drink,chilling
502,14,"2017-11-10 17:44:22",snowy,640405399,Large Shake,sweet
503,33,"2018-8-3 15:11:07",snowy,640405389,Small Shake,sweet
504,6,"2020-11-6 01:57:14",rainy,640405389,Small Shake,sweet
505,17,"2017-5-23 00:45:48",rainy,640405323,Small Curly Fries,savory
506,85,"2019-11-17 03:02:36",cloudy,640405371,Regular Drink,chilling
507,92,"2017-11-15 11:24:00",rainy,640405348,Coffee,bitter
508,68,"2018-8-5 20:36:44",rainy,640405371,Regular Drink,chilling
509,93,"2019-4-24 20:24:45",sunny,640405315,Large Fries,savory
510,90,"2020-8-27 13:12:28",rainy,640405315,Large Fries,savory
511,82,"2019-3-11 17:22:10",sunny,640404923,Hamburger,savory
512,87,"2015-6-28 11:58:46",rainy,640405395,Regular Shake,sweet
513,89,"2018-1-10 21:37:40",sunny,640404963,Cheeseburger,savory
514,31,"2019-9-1 22:17:59",rainy,640405339,Large Curly Fries,savory
515,46,"2017-6-4 09:34:25",sunny,640405348,Coffee,bitter
516,13,"2015-1-2 02:23:18",sunny,640405380,Large Drink,chilling
517,71,"2018-1-19 11:17:41",sunny,640405085,Double Hamburger,savory
518,52,"2015-4-6 23:25:56",rainy,640405339,Large Curly Fries,savory
519,76,"2019-8-10 10:00:50",sunny,640405112,Double Cheeseburger,savory
520,59,"2019-9-13 23:39:13",rainy,640405399,Large Shake,sweet
521,32,"2019-12-7 11:06:12",cloudy,640405371,Regular Drink,chilling
522,16,"2017-4-8 12:43:04",snowy,640405380,Large Drink,chilling
523,29,"2016-1-5 08:24:30",snowy,640405389,Small Shake,sweet
524,8,"2016-12-10 20:41:32",snowy,640405112,Double Cheeseburger,savory
525,19,"2020-5-21 17:45:56",cloudy,640405395,Regular Shake,sweet
526,31,"2016-4-18 07:07:40",snowy,640405339,Large Curly Fries,savory
527,1,"2015-10-28 04:47:59",cloudy,640405355,Small Drink,chilling
528,4,"2020-12-14 21:08:59",rainy,640405339,Large Curly Fries,savory
529,32,"2018-7-28 01:09:51",cloudy,640405371,Regular Drink,chilling
530,43,"2020-4-9 14:34:42",sunny,640405085,Double Hamburger,savory
531,82,"2020-4-5 06:55:36",rainy,640405296,Small Fries,savory
532,3,"2020-7-7 19:50:36",cloudy,640405380,Large Drink,chilling
533,60,"2017-5-16 22:12:06",snowy,640405621,Veggie Cheeseburger,savory
534,46,"2015-5-27 21:42:23",rainy,640405355,Small Drink,chilling
535,90,"2017-6-25 18:24:34",snowy,640405315,Large Fries,savory
536,6,"2015-10-17 04:34:00",rainy,640405315,Large Fries,savory
537,57,"2015-12-11 14:59:25",snowy,640405371,Regular Drink,chilling
538,54,"2016-3-18 16:18:04",snowy,640405025,Bacon Cheeseburger,savory
539,4,"2020-9-1 00:28:45",sunny,640405112,Double Cheeseburger,savory
540,73,"2018-11-13 00:51:08",sunny,640405339,Large Curly Fries,savory
541,35,"2015-10-21 17:39:15",snowy,640405331,Regular Curly Fries,savory
542,87,"2015-9-9 13:58:13",sunny,640405371,Regular Drink,chilling
543,47,"2017-2-28 19:25:51",cloudy,640405380,Large Drink,chilling
544,21,"2017-4-1 08:16:37",sunny,640405296,Small Fries,savory
545,86,"2018-8-13 17:32:59",rainy,640405112,Double Cheeseburger,savory
546,29,"2020-8-5 19:45:56",snowy,640405323,Small Curly Fries,savory
547,8,"2019-12-14 10:55:46",snowy,640404963,Cheeseburger,savory
548,78,"2017-9-20 07:35:48",rainy,640405025,Bacon Cheeseburger,savory
549,13,"2020-7-27 05:39:59",cloudy,640405331,Regular Curly Fries,savory
550,75,"2016-2-7 06:38:40",cloudy,640405331,Regular Curly Fries,savory
551,54,"2020-1-14 13:43:42",rainy,640405395,Regular Shake,sweet
552,96,"2017-4-1 04:47:52",rainy,640405347,Onion Rings,sweet
553,37,"2016-4-26 06:03:37",sunny,640405355,Small Drink,chilling
554,44,"2017-9-28 06:59:36",snowy,640405085,Double Hamburger,savory
555,48,"2020-1-26 18:20:17",rainy,640405307,Regular Fries,savory
556,79,"2020-10-21 02:24:07",snowy,640405371,Regular Drink,chilling
557,16,"2017-8-15 13:14:25",sunny,640405339,Large Curly Fries,savory
558,97,"2015-5-22 16:44:05",sunny,640405315,Large Fries,savory
559,19,"2019-9-19 15:56:59",sunny,640405348,Coffee,bitter
560,34,"2015-6-28 03:40:45",cloudy,640404923,Hamburger,savory
561,55,"2018-9-16 08:11:20",snowy,640405389,Small Shake,sweet
562,69,"2019-11-8 06:58:33",snowy,640405323,Small Curly Fries,savory
563,49,"2015-1-17 00:13:46",sunny,640404923,Hamburger,savory
564,4,"2018-5-25 09:58:01",rainy,640405307,Regular Fries,savory
565,37,"2017-8-11 14:09:10",snowy,640405296,Small Fries,savory
566,5,"2020-5-28 20:05:15",snowy,640405355,Small Drink,chilling
567,2,"2017-6-6 19:32:15",cloudy,640405058,Veggie Burger,savory
568,89,"2016-8-9 17:31:44",snowy,640405172,Double Bacon Cheeseburger,savory
569,88,"2020-1-1 23:09:30",sunny,640405395,Regular Shake,sweet
570,71,"2018-6-23 09:11:54",rainy,640404963,Cheeseburger,savory
571,37,"2017-1-14 02:45:55",cloudy,640405380,Large Drink,chilling
572,1,"2019-1-1 07:08:54",rainy,640404923,Hamburger,savory
573,92,"2019-10-22 21:54:09",sunny,640405315,Large Fries,savory
574,83,"2019-4-25 13:10:15",cloudy,640405395,Regular Shake,sweet
575,21,"2016-12-4 20:25:09",cloudy,640405085,Double Hamburger,savory
576,91,"2018-9-13 02:37:37",rainy,640404923,Hamburger,savory
577,70,"2016-9-6 20:38:21",rainy,640405355,Small Drink,chilling
578,10,"2018-6-17 05:47:17",sunny,640405025,Bacon Cheeseburger,savory
579,25,"2019-9-14 18:14:41",cloudy,640405085,Double Hamburger,savory
580,64,"2017-7-4 18:52:34",rainy,640405399,Large Shake,sweet
581,83,"2019-6-9 18:11:39",snowy,640405395,Regular Shake,sweet
582,2,"2017-4-23 17:42:55",cloudy,640405371,Regular Drink,chilling
583,35,"2019-10-6 19:55:16",rainy,640405371,Regular Drink,chilling
584,27,"2017-1-25 10:04:58",snowy,640405399,Large Shake,sweet
585,91,"2015-9-12 09:02:15",snowy,640405621,Veggie Cheeseburger,savory
586,65,"2016-8-20 11:27:09",sunny,640405348,Coffee,bitter
587,26,"2019-3-10 18:30:24",snowy,640405371,Regular Drink,chilling
588,3,"2019-5-15 02:41:05",sunny,640405348,Coffee,bitter
589,21,"2016-11-10 08:57:34",cloudy,640405380,Large Drink,chilling
590,79,"2016-5-24 07:29:17",sunny,640405380,Large Drink,chilling
591,47,"2015-4-14 15:06:14",sunny,640405339,Large Curly Fries,savory
592,38,"2016-7-14 09:51:41",cloudy,640405058,Veggie Burger,savory
593,30,"2017-1-22 02:12:17",sunny,640405380,Large Drink,chilling
594,23,"2015-4-23 12:23:36",sunny,640405085,Double Hamburger,savory
595,54,"2020-11-1 00:48:06",cloudy,640405371,Regular Drink,chilling
596,89,"2019-7-19 19:20:41",rainy,640405621,Veggie Cheeseburger,savory
597,25,"2018-7-4 07:40:09",sunny,640405323,Small Curly Fries,savory
598,70,"2015-9-6 20:20:39",cloudy,640405085,Double Hamburger,savory
599,4,"2017-4-1 19:53:38",sunny,640405058,Veggie Burger,savory
600,7,"2015-3-15 12:45:41",cloudy,640405331,Regular Curly Fries,savory
601,89,"2018-8-25 00:56:21",rainy,640405348,Coffee,bitter
602,91,"2018-8-22 22:53:19",snowy,640405395,Regular Shake,sweet
603,46,"2020-12-21 19:19:05",sunny,640405112,Double Cheeseburger,savory
604,84,"2015-12-25 00:37:14",rainy,640405323,Small Curly Fries,savory
605,68,"2016-8-13 09:04:47",cloudy,640405621,Veggie Cheeseburger,savory
606,76,"2018-4-9 12:25:43",snowy,640405296,Small Fries,savory
607,59,"2016-9-18 07:41:04",sunny,640405621,Veggie Cheeseburger,savory
608,78,"2016-2-11 02:41:03",snowy,640405371,Regular Drink,chilling
609,99,"2017-8-10 07:45:58",sunny,640405058,Veggie Burger,savory
610,82,"2015-11-10 21:51:11",snowy,640405315,Large Fries,savory
611,53,"2020-1-14 01:50:35",snowy,640405315,Large Fries,savory
612,5,"2016-6-16 06:49:52",rainy,640405315,Large Fries,savory
613,66,"2015-5-20 03:44:21",snowy,640405389,Small Shake,sweet
614,12,"2017-5-13 20:35:53",snowy,640405058,Veggie Burger,savory
615,76,"2020-7-18 02:55:36",sunny,640405339,Large Curly Fries,savory
616,47,"2020-6-12 07:22:18",cloudy,640405323,Small Curly Fries,savory
617,77,"2019-3-20 22:32:19",sunny,640405395,Regular Shake,sweet
618,4,"2019-2-20 07:43:09",snowy,640405315,Large Fries,savory
619,56,"2018-10-5 10:10:50",snowy,640405331,Regular Curly Fries,savory
620,80,"2020-9-7 10:21:56",cloudy,640405296,Small Fries,savory
621,85,"2017-4-1 18:02:24",sunny,640405172,Double Bacon Cheeseburger,savory
622,66,"2016-9-17 23:38:12",sunny,640405347,Onion Rings,sweet
623,16,"2020-12-26 23:18:17",sunny,640405323,Small Curly Fries,savory
624,38,"2020-6-18 09:56:39",snowy,640405307,Regular Fries,savory
625,69,"2019-6-26 05:02:48",sunny,640405315,Large Fries,savory
626,46,"2016-11-27 22:00:15",cloudy,640404923,Hamburger,savory
627,43,"2015-4-8 22:53:54",rainy,640405399,Large Shake,sweet
628,98,"2020-9-23 00:03:48",snowy,640405085,Double Hamburger,savory
629,10,"2017-5-9 20:31:18",sunny,640405389,Small Shake,sweet
630,82,"2018-2-18 00:43:42",snowy,640405395,Regular Shake,sweet
631,46,"2016-9-26 21:52:56",cloudy,640405621,Veggie Cheeseburger,savory
632,5,"2018-2-19 01:09:20",sunny,640404923,Hamburger,savory
633,36,"2018-11-19 05:07:56",rainy,640405348,Coffee,bitter
634,41,"2015-11-23 04:31:41",rainy,640405348,Coffee,bitter
635,61,"2018-8-10 23:09:59",snowy,640405399,Large Shake,sweet
636,63,"2016-1-5 06:55:51",rainy,640405315,Large Fries,savory
637,21,"2017-1-17 12:07:53",snowy,640404923,Hamburger,savory
638,19,"2017-7-3 05:14:28",rainy,640405296,Small Fries,savory
639,64,"2016-1-28 18:37:45",cloudy,640405621,Veggie Cheeseburger,savory
640,36,"2020-4-17 15:21:29",cloudy,640405347,Onion Rings,sweet
641,92,"2018-8-26 18:50:49",sunny,640405371,Regular Drink,chilling
642,27,"2016-4-21 11:43:20",snowy,640405331,Regular Curly Fries,savory
643,49,"2015-9-15 17:55:50",snowy,640404963,Cheeseburger,savory
644,95,"2020-6-20 13:34:23",snowy,640405347,Onion Rings,sweet
645,35,"2017-6-24 16:04:02",rainy,640405371,Regular Drink,chilling
646,46,"2018-11-5 00:14:57",cloudy,640405355,Small Drink,chilling
647,58,"2016-9-22 21:15:34",cloudy,640405025,Bacon Cheeseburger,savory
648,3,"2016-1-8 00:37:44",sunny,640405296,Small Fries,savory
649,84,"2016-11-14 15:40:41",rainy,640405395,Regular Shake,sweet
650,95,"2020-8-14 11:14:42",cloudy,640405355,Small Drink,chilling
651,8,"2019-12-9 23:36:31",snowy,640405085,Double Hamburger,savory
652,33,"2020-8-9 23:00:28",sunny,640404923,Hamburger,savory
653,41,"2015-2-9 14:59:27",snowy,640405355,Small Drink,chilling
654,14,"2020-1-22 16:38:20",sunny,640405347,Onion Rings,sweet
655,11,"2017-5-6 02:27:26",cloudy,640405347,Onion Rings,sweet
656,93,"2016-4-6 09:28:51",sunny,640405172,Double Bacon Cheeseburger,savory
657,85,"2015-1-4 05:34:40",snowy,640405380,Large Drink,chilling
658,25,"2015-6-6 18:11:24",sunny,640405323,Small Curly Fries,savory
659,23,"2015-6-24 03:40:30",snowy,640405112,Double Cheeseburger,savory
660,31,"2016-6-10 11:41:35",snowy,640405323,Small Curly Fries,savory
661,64,"2019-11-10 14:09:45",sunny,640405315,Large Fries,savory
662,83,"2017-9-26 19:24:08",sunny,640405355,Small Drink,chilling
663,53,"2020-12-19 14:24:37",snowy,640405355,Small Drink,chilling
664,99,"2015-12-22 17:37:50",sunny,640405307,Regular Fries,savory
665,42,"2020-1-22 15:30:49",rainy,640405307,Regular Fries,savory
666,74,"2019-3-22 14:13:59",sunny,640405395,Regular Shake,sweet
667,32,"2017-9-26 12:18:12",snowy,640405399,Large Shake,sweet
668,37,"2018-3-13 16:21:32",sunny,640405380,Large Drink,chilling
669,88,"2016-3-22 16:24:47",rainy,640405395,Regular Shake,sweet
670,39,"2017-9-11 14:23:15",cloudy,640405355,Small Drink,chilling
671,32,"2020-4-10 02:54:15",sunny,640404963,Cheeseburger,savory
672,62,"2018-3-19 10:01:45",snowy,640405315,Large Fries,savory
673,48,"2017-5-4 17:38:03",cloudy,640405380,Large Drink,chilling
674,71,"2019-5-4 21:19:16",rainy,640405389,Small Shake,sweet
675,18,"2017-3-10 18:27:00",snowy,640405339,Large Curly Fries,savory
676,11,"2015-9-4 11:50:01",sunny,640405389,Small Shake,sweet
677,68,"2017-8-9 23:06:37",cloudy,640405621,Veggie Cheeseburger,savory
678,89,"2020-11-21 11:03:32",rainy,640405347,Onion Rings,sweet
679,56,"2016-7-3 16:29:11",snowy,640405380,Large Drink,chilling
680,79,"2017-5-13 13:40:08",cloudy,640405296,Small Fries,savory
681,78,"2017-2-26 20:49:54",sunny,640405395,Regular Shake,sweet
682,43,"2020-4-7 02:54:10",rainy,640405296,Small Fries,savory
683,13,"2017-8-13 13:07:04",cloudy,640405058,Veggie Burger,savory
684,59,"2020-6-6 07:42:44",cloudy,640405347,Onion Rings,sweet
685,72,"2019-7-17 19:44:24",snowy,640405307,Regular Fries,savory
686,86,"2015-9-19 14:38:46",cloudy,640405395,Regular Shake,sweet
687,56,"2020-9-20 21:18:41",rainy,640405025,Bacon Cheeseburger,savory
688,10,"2018-7-13 03:02:26",cloudy,640404963,Cheeseburger,savory
689,68,"2016-1-21 18:12:53",snowy,640405058,Veggie Burger,savory
690,39,"2019-7-2 16:47:00",cloudy,640405058,Veggie Burger,savory
691,88,"2016-6-15 08:16:13",rainy,640405296,Small Fries,savory
692,6,"2020-11-20 02:16:01",rainy,640405307,Regular Fries,savory
693,27,"2016-6-8 20:35:58",snowy,640405296,Small Fries,savory
694,85,"2017-10-10 14:30:50",rainy,640405389,Small Shake,sweet
695,9,"2020-2-25 03:46:27",rainy,640405395,Regular Shake,sweet
696,66,"2015-8-3 14:48:24",cloudy,640405380,Large Drink,chilling
697,43,"2020-6-21 10:44:14",sunny,640405112,Double Cheeseburger,savory
698,25,"2017-10-5 20:20:35",rainy,640404923,Hamburger,savory
699,99,"2018-10-23 21:00:31",snowy,640405296,Small Fries,savory
700,56,"2018-7-21 14:28:52",cloudy,640404923,Hamburger,savory
701,31,"2020-9-5 12:59:15",rainy,640405315,Large Fries,savory
702,41,"2018-2-22 12:43:59",cloudy,640405348,Coffee,bitter
703,48,"2017-2-6 16:40:34",rainy,640404923,Hamburger,savory
704,99,"2020-12-20 11:38:01",sunny,640405296,Small Fries,savory
705,55,"2018-11-7 10:30:32",rainy,640405399,Large Shake,sweet
706,75,"2017-6-13 22:44:30",cloudy,640405348,Coffee,bitter
707,77,"2017-11-23 03:41:21",cloudy,640405380,Large Drink,chilling
708,60,"2016-12-2 22:10:16",sunny,640405331,Regular Curly Fries,savory
709,99,"2018-12-2 18:21:48",snowy,640405323,Small Curly Fries,savory
710,79,"2016-11-4 00:53:19",sunny,640405355,Small Drink,chilling
711,35,"2018-4-5 01:48:14",cloudy,640405085,Double Hamburger,savory
712,59,"2018-9-6 23:06:48",sunny,640405339,Large Curly Fries,savory
713,6,"2016-10-21 04:10:00",rainy,640405315,Large Fries,savory
714,50,"2019-4-12 17:27:08",rainy,640405323,Small Curly Fries,savory
715,46,"2015-3-17 15:08:36",snowy,640405058,Veggie Burger,savory
716,11,"2018-1-6 10:07:33",rainy,640405331,Regular Curly Fries,savory
717,59,"2018-5-26 19:58:53",cloudy,640405085,Double Hamburger,savory
718,4,"2017-10-8 20:33:12",rainy,640405339,Large Curly Fries,savory
719,82,"2020-9-9 08:14:00",sunny,640405331,Regular Curly Fries,savory
720,99,"2019-6-25 21:52:47",sunny,640405058,Veggie Burger,savory
721,30,"2017-12-26 06:25:24",rainy,640405355,Small Drink,chilling
722,91,"2019-2-5 04:17:20",rainy,640405315,Large Fries,savory
723,6,"2020-6-28 10:24:23",sunny,640405331,Regular Curly Fries,savory
724,14,"2016-1-22 08:25:28",snowy,640405085,Double Hamburger,savory
725,9,"2020-8-26 10:15:17",sunny,640405380,Large Drink,chilling
726,82,"2017-6-14 08:34:04",cloudy,640404923,Hamburger,savory
727,47,"2018-8-19 12:13:27",snowy,640405085,Double Hamburger,savory
728,45,"2020-9-6 22:33:42",cloudy,640405058,Veggie Burger,savory
729,35,"2017-3-17 13:26:39",rainy,640404923,Hamburger,savory
730,35,"2020-9-10 19:35:09",cloudy,640404923,Hamburger,savory
731,87,"2020-9-18 17:25:18",sunny,640405331,Regular Curly Fries,savory
732,69,"2015-10-16 12:38:13",snowy,640405323,Small Curly Fries,savory
733,68,"2018-7-9 20:01:29",rainy,640405621,Veggie Cheeseburger,savory
734,95,"2016-4-3 07:06:20",rainy,640404923,Hamburger,savory
735,54,"2019-5-20 12:34:20",cloudy,640405112,Double Cheeseburger,savory
736,76,"2020-1-9 19:33:48",rainy,640405348,Coffee,bitter
737,30,"2017-2-25 03:10:52",rainy,640404923,Hamburger,savory
738,32,"2018-9-5 12:04:34",cloudy,640405112,Double Cheeseburger,savory
739,48,"2020-11-26 13:59:50",rainy,640405380,Large Drink,chilling
740,60,"2016-2-20 14:27:16",rainy,640405399,Large Shake,sweet
741,36,"2017-6-7 10:37:28",sunny,640405296,Small Fries,savory
742,82,"2019-5-6 19:45:57",snowy,640405348,Coffee,bitter
743,54,"2016-11-20 09:59:30",rainy,640405085,Double Hamburger,savory
744,17,"2020-7-6 01:07:13",cloudy,640405380,Large Drink,chilling
745,83,"2020-7-23 10:38:02",sunny,640405339,Large Curly Fries,savory
746,26,"2019-8-13 14:44:26",cloudy,640405399,Large Shake,sweet
747,10,"2017-4-2 03:23:24",sunny,640405296,Small Fries,savory
748,45,"2017-9-4 12:27:23",rainy,640405621,Veggie Cheeseburger,savory
749,26,"2016-11-18 20:37:02",cloudy,640405347,Onion Rings,sweet
750,16,"2019-12-10 08:52:30",cloudy,640405331,Regular Curly Fries,savory
751,39,"2018-3-18 19:03:41",sunny,640405339,Large Curly Fries,savory
752,73,"2017-5-5 15:14:02",cloudy,640405389,Small Shake,sweet
753,93,"2017-2-13 14:24:46",snowy,640405389,Small Shake,sweet
754,89,"2016-5-24 07:08:26",snowy,640405339,Large Curly Fries,savory
755,22,"2020-1-20 05:07:54",snowy,640405025,Bacon Cheeseburger,savory
756,6,"2017-12-24 07:02:44",sunny,640405025,Bacon Cheeseburger,savory
757,48,"2020-3-13 19:12:02",snowy,640405058,Veggie Burger,savory
758,8,"2020-1-24 17:28:05",cloudy,640405085,Double Hamburger,savory
759,25,"2016-6-27 23:24:51",rainy,640405380,Large Drink,chilling
760,18,"2020-9-19 13:01:57",rainy,640405621,Veggie Cheeseburger,savory
761,59,"2020-6-15 09:54:48",sunny,640405085,Double Hamburger,savory
762,27,"2019-4-19 16:51:14",sunny,640405296,Small Fries,savory
763,91,"2016-2-3 06:08:57",sunny,640405058,Veggie Burger,savory
764,7,"2019-1-15 10:05:34",rainy,640405058,Veggie Burger,savory
765,10,"2016-2-7 22:51:55",cloudy,640405348,Coffee,bitter
766,59,"2020-12-18 19:27:53",sunny,640405389,Small Shake,sweet
767,80,"2018-7-24 10:54:12",cloudy,640404923,Hamburger,savory
768,27,"2020-5-3 18:01:22",sunny,640405371,Regular Drink,chilling
769,100,"2020-5-19 16:31:59",cloudy,640405399,Large Shake,sweet
770,56,"2018-6-5 00:35:31",snowy,640405355,Small Drink,chilling
771,5,"2016-4-14 19:08:31",snowy,640405621,Veggie Cheeseburger,savory
772,64,"2016-5-16 21:47:26",cloudy,640405355,Small Drink,chilling
773,4,"2017-3-4 19:53:43",cloudy,640405058,Veggie Burger,savory
774,46,"2017-1-1 17:30:36",sunny,640405371,Regular Drink,chilling
775,8,"2019-8-13 13:56:28",rainy,640405112,Double Cheeseburger,savory
776,49,"2018-3-21 15:21:51",snowy,640405296,Small Fries,savory
777,10,"2019-10-12 15:01:28",rainy,640405389,Small Shake,sweet
778,87,"2017-8-3 23:47:07",snowy,640405296,Small Fries,savory
779,80,"2015-4-19 03:44:25",cloudy,640404923,Hamburger,savory
780,94,"2018-2-21 22:03:58",cloudy,640404923,Hamburger,savory
781,38,"2017-5-15 00:51:54",rainy,640405355,Small Drink,chilling
782,13,"2015-7-20 09:12:03",snowy,640405296,Small Fries,savory
783,85,"2015-10-5 15:40:08",snowy,640405339,Large Curly Fries,savory
784,10,"2017-2-1 04:25:39",cloudy,640405395,Regular Shake,sweet
785,100,"2019-2-12 08:20:42",cloudy,640405296,Small Fries,savory
786,63,"2018-6-8 20:55:57",snowy,640405380,Large Drink,chilling
787,74,"2015-8-1 08:13:38",rainy,640405296,Small Fries,savory
788,4,"2017-10-21 05:10:38",cloudy,640405348,Coffee,bitter
789,17,"2020-6-28 02:53:53",snowy,640405380,Large Drink,chilling
790,18,"2017-11-9 21:02:44",snowy,640405380,Large Drink,chilling
791,26,"2018-7-15 09:36:56",snowy,640405172,Double Bacon Cheeseburger,savory
792,31,"2017-9-14 22:04:51",rainy,640405307,Regular Fries,savory
793,23,"2017-11-1 12:10:16",sunny,640405323,Small Curly Fries,savory
794,38,"2017-7-24 13:21:16",rainy,640405380,Large Drink,chilling
795,11,"2017-8-12 03:51:32",sunny,640405323,Small Curly Fries,savory
796,76,"2019-4-19 04:23:04",snowy,640405371,Regular Drink,chilling
797,87,"2017-11-10 06:16:38",rainy,640405389,Small Shake,sweet
798,41,"2018-4-17 12:17:03",sunny,640405296,Small Fries,savory
799,32,"2015-5-22 16:53:55",sunny,640405339,Large Curly Fries,savory
800,5,"2018-9-14 13:35:44",cloudy,640404963,Cheeseburger,savory
801,81,"2018-11-19 08:14:38",sunny,640405058,Veggie Burger,savory
802,1,"2015-6-2 06:59:24",cloudy,640405112,Double Cheeseburger,savory
803,94,"2015-10-19 05:00:51",cloudy,640405348,Coffee,bitter
804,13,"2017-12-18 22:33:01",rainy,640405315,Large Fries,savory
805,59,"2019-3-15 19:42:17",snowy,640405355,Small Drink,chilling
806,80,"2019-7-27 03:00:50",cloudy,640405085,Double Hamburger,savory
807,46,"2020-1-9 04:47:19",rainy,640405355,Small Drink,chilling
808,58,"2020-5-18 10:51:21",snowy,640405355,Small Drink,chilling
809,77,"2018-6-11 22:29:19",sunny,640405399,Large Shake,sweet
810,60,"2017-6-13 16:25:10",sunny,640405399,Large Shake,sweet
811,96,"2015-2-13 23:08:26",snowy,640405380,Large Drink,chilling
812,11,"2015-7-24 14:43:45",snowy,640405371,Regular Drink,chilling
813,73,"2017-8-11 18:04:49",rainy,640405399,Large Shake,sweet
814,36,"2018-10-20 08:38:15",cloudy,640405296,Small Fries,savory
815,55,"2016-10-2 05:29:55",sunny,640405323,Small Curly Fries,savory
816,72,"2018-2-11 02:46:09",cloudy,640405085,Double Hamburger,savory
817,50,"2019-4-13 10:45:15",rainy,640405315,Large Fries,savory
818,44,"2019-2-21 06:48:52",snowy,640405085,Double Hamburger,savory
819,90,"2018-2-22 15:53:38",cloudy,640404923,Hamburger,savory
820,51,"2019-10-19 12:52:15",rainy,640405296,Small Fries,savory
821,34,"2015-12-17 09:05:53",snowy,640405355,Small Drink,chilling
822,39,"2017-12-7 14:32:25",rainy,640405331,Regular Curly Fries,savory
823,72,"2017-9-23 19:19:18",cloudy,640404923,Hamburger,savory
824,16,"2019-9-14 22:41:00",sunny,640405323,Small Curly Fries,savory
825,45,"2019-10-1 00:11:13",snowy,640405085,Double Hamburger,savory
826,66,"2019-12-25 19:50:36",rainy,640405058,Veggie Burger,savory
827,90,"2019-7-24 17:19:28",rainy,640405296,Small Fries,savory
828,87,"2019-8-10 14:16:51",sunny,640405112,Double Cheeseburger,savory
829,65,"2020-8-13 20:32:00",cloudy,640405371,Regular Drink,chilling
830,66,"2020-3-8 05:02:39",sunny,640405296,Small Fries,savory
831,14,"2017-9-23 08:06:13",rainy,640405296,Small Fries,savory
832,3,"2019-7-3 22:16:47",sunny,640405315,Large Fries,savory
833,68,"2015-9-15 13:49:59",snowy,640405355,Small Drink,chilling
834,62,"2016-2-6 09:46:46",cloudy,640405085,Double Hamburger,savory
835,5,"2019-11-12 21:44:19",rainy,640405339,Large Curly Fries,savory
836,83,"2016-11-21 07:31:01",snowy,640405339,Large Curly Fries,savory
837,80,"2020-1-26 17:37:39",snowy,640405355,Small Drink,chilling
838,97,"2020-3-15 03:07:48",cloudy,640404963,Cheeseburger,savory
839,93,"2020-4-21 07:20:58",rainy,640405399,Large Shake,sweet
840,56,"2016-1-11 18:03:37",snowy,640405399,Large Shake,sweet
841,6,"2015-9-6 20:44:55",sunny,640405112,Double Cheeseburger,savory
842,39,"2015-6-24 05:07:19",cloudy,640405380,Large Drink,chilling
843,64,"2015-3-21 07:50:19",cloudy,640405389,Small Shake,sweet
844,20,"2019-10-15 12:14:13",cloudy,640405371,Regular Drink,chilling
845,67,"2015-8-10 20:38:49",cloudy,640405112,Double Cheeseburger,savory
846,98,"2019-1-19 17:02:26",rainy,640405348,Coffee,bitter
847,70,"2018-5-28 19:12:49",sunny,640405389,Small Shake,sweet
848,32,"2016-7-28 04:21:55",cloudy,640405112,Double Cheeseburger,savory
849,61,"2016-5-25 12:56:57",cloudy,640405355,Small Drink,chilling
850,74,"2016-10-10 02:26:56",cloudy,640405085,Double Hamburger,savory
851,60,"2016-12-27 02:04:42",snowy,640405621,Veggie Cheeseburger,savory
852,25,"2015-3-16 18:57:34",sunny,640405296,Small Fries,savory
853,82,"2015-8-17 01:00:51",snowy,640404963,Cheeseburger,savory
854,97,"2016-10-27 13:11:03",sunny,640405172,Double Bacon Cheeseburger,savory
855,88,"2020-2-2 23:37:02",rainy,640404923,Hamburger,savory
856,100,"2015-11-21 21:02:51",cloudy,640405172,Double Bacon Cheeseburger,savory
857,9,"2019-8-19 08:06:22",cloudy,640405323,Small Curly Fries,savory
858,52,"2016-9-11 19:59:21",sunny,640405331,Regular Curly Fries,savory
859,40,"2020-1-21 15:36:32",sunny,640405339,Large Curly Fries,savory
860,26,"2016-6-20 16:43:58",rainy,640405348,Coffee,bitter
861,3,"2015-12-21 10:42:25",rainy,640405389,Small Shake,sweet
862,51,"2017-2-26 18:01:07",snowy,640405085,Double Hamburger,savory
863,100,"2020-2-28 09:13:31",rainy,640405355,Small Drink,chilling
864,59,"2018-3-21 18:45:57",rainy,640404923,Hamburger,savory
865,72,"2016-2-25 06:05:52",rainy,640405331,Regular Curly Fries,savory
866,94,"2019-9-5 17:26:32",cloudy,640405331,Regular Curly Fries,savory
867,88,"2019-1-11 01:20:11",sunny,640405347,Onion Rings,sweet
868,2,"2016-7-22 17:52:45",rainy,640405085,Double Hamburger,savory
869,72,"2018-12-13 00:49:13",sunny,640405339,Large Curly Fries,savory
870,59,"2020-11-15 18:03:42",snowy,640405315,Large Fries,savory
871,60,"2017-11-20 18:59:29",cloudy,640405296,Small Fries,savory
872,26,"2019-6-20 16:57:14",snowy,640405395,Regular Shake,sweet
873,2,"2019-7-20 19:09:37",sunny,640405025,Bacon Cheeseburger,savory
874,29,"2020-5-1 23:08:55",rainy,640405296,Small Fries,savory
875,7,"2018-4-16 23:34:19",cloudy,640405315,Large Fries,savory
876,28,"2019-5-23 12:59:06",sunny,640404923,Hamburger,savory
877,76,"2017-10-25 04:48:53",sunny,640405085,Double Hamburger,savory
878,72,"2019-10-11 02:06:15",rainy,640405339,Large Curly Fries,savory
879,49,"2017-2-5 14:20:56",snowy,640405347,Onion Rings,sweet
880,51,"2015-11-23 21:37:40",cloudy,640405380,Large Drink,chilling
881,55,"2015-6-5 01:11:13",snowy,640405307,Regular Fries,savory
882,65,"2017-5-22 21:48:55",cloudy,640405315,Large Fries,savory
883,93,"2017-7-7 06:58:13",rainy,640405307,Regular Fries,savory
884,46,"2015-3-17 23:35:23",sunny,640405389,Small Shake,sweet
885,27,"2015-8-1 08:56:26",sunny,640405339,Large Curly Fries,savory
886,27,"2015-8-12 23:02:45",snowy,640405395,Regular Shake,sweet
887,21,"2019-5-26 13:28:28",snowy,640405058,Veggie Burger,savory
888,17,"2015-7-2 02:54:34",snowy,640405380,Large Drink,chilling
889,41,"2020-6-24 15:36:57",sunny,640405025,Bacon Cheeseburger,savory
890,48,"2015-3-22 01:59:53",cloudy,640405085,Double Hamburger,savory
891,70,"2017-2-27 03:52:45",rainy,640405323,Small Curly Fries,savory
892,91,"2019-8-19 05:07:34",cloudy,640405307,Regular Fries,savory
893,91,"2017-3-25 17:56:01",sunny,640405085,Double Hamburger,savory
894,4,"2015-10-12 09:52:15",rainy,640405315,Large Fries,savory
895,56,"2015-11-5 17:11:08",rainy,640405315,Large Fries,savory
896,83,"2015-12-24 05:54:51",snowy,640405296,Small Fries,savory
897,44,"2019-9-24 05:57:32",cloudy,640405339,Large Curly Fries,savory
898,94,"2016-3-28 15:45:32",rainy,640405621,Veggie Cheeseburger,savory
899,80,"2016-9-6 02:14:38",snowy,640405323,Small Curly Fries,savory
900,77,"2015-6-28 10:49:46",cloudy,640405348,Coffee,bitter
901,23,"2017-2-16 04:18:45",snowy,640405355,Small Drink,chilling
902,39,"2019-12-5 08:09:04",cloudy,640405331,Regular Curly Fries,savory
903,87,"2018-2-12 16:44:30",rainy,640405399,Large Shake,sweet
904,93,"2018-2-15 13:41:15",sunny,640405347,Onion Rings,sweet
905,1,"2019-3-10 14:25:51",snowy,640405399,Large Shake,sweet
906,55,"2019-11-10 21:35:16",snowy,640405389,Small Shake,sweet
907,14,"2019-3-6 03:22:50",cloudy,640405389,Small Shake,sweet
908,13,"2016-1-19 06:33:03",snowy,640405323,Small Curly Fries,savory
909,30,"2018-8-20 21:26:32",sunny,640405399,Large Shake,sweet
910,17,"2020-9-9 05:00:12",snowy,640405355,Small Drink,chilling
911,62,"2015-2-22 21:13:08",rainy,640404923,Hamburger,savory
912,71,"2015-2-8 05:07:08",snowy,640405112,Double Cheeseburger,savory
913,1,"2015-7-25 22:28:32",sunny,640405347,Onion Rings,sweet
914,48,"2016-9-22 12:40:39",sunny,640405380,Large Drink,chilling
915,92,"2015-5-13 22:59:55",sunny,640405347,Onion Rings,sweet
916,94,"2016-12-5 10:04:23",cloudy,640405380,Large Drink,chilling
917,52,"2015-12-17 00:00:35",rainy,640405172,Double Bacon Cheeseburger,savory
918,28,"2018-9-14 16:20:34",sunny,640405085,Double Hamburger,savory
919,72,"2018-9-1 19:06:28",cloudy,640405331,Regular Curly Fries,savory
920,83,"2019-10-5 23:23:11",snowy,640405331,Regular Curly Fries,savory
921,11,"2015-4-17 20:16:30",cloudy,640405296,Small Fries,savory
922,62,"2017-12-15 23:58:51",rainy,640405307,Regular Fries,savory
923,5,"2019-12-10 12:49:08",sunny,640405347,Onion Rings,sweet
924,30,"2020-7-18 11:04:06",rainy,640405399,Large Shake,sweet
925,85,"2016-11-8 00:08:23",snowy,640405331,Regular Curly Fries,savory
926,93,"2017-11-22 17:24:02",rainy,640404963,Cheeseburger,savory
927,79,"2017-10-23 15:26:11",snowy,640405331,Regular Curly Fries,savory
928,3,"2020-3-20 01:03:50",rainy,640405315,Large Fries,savory
929,66,"2020-9-20 22:09:16",rainy,640405085,Double Hamburger,savory
930,20,"2017-10-26 08:13:56",cloudy,640405296,Small Fries,savory
931,75,"2020-9-12 11:15:54",sunny,640405348,Coffee,bitter
932,18,"2018-7-23 01:34:37",cloudy,640405339,Large Curly Fries,savory
933,11,"2015-12-23 01:31:05",sunny,640405339,Large Curly Fries,savory
934,55,"2015-9-2 22:16:58",rainy,640405621,Veggie Cheeseburger,savory
935,16,"2015-8-28 08:47:28",snowy,640405331,Regular Curly Fries,savory
936,6,"2016-1-6 10:32:55",rainy,640405371,Regular Drink,chilling
937,18,"2019-3-28 03:04:08",cloudy,640405339,Large Curly Fries,savory
938,56,"2020-2-27 15:44:12",sunny,640405315,Large Fries,savory
939,1,"2016-11-22 06:01:58",snowy,640405355,Small Drink,chilling
940,86,"2020-5-25 18:51:24",rainy,640405395,Regular Shake,sweet
941,6,"2020-6-16 18:57:50",cloudy,640405389,Small Shake,sweet
942,64,"2018-2-2 08:52:31",cloudy,640405348,Coffee,bitter
943,86,"2018-12-19 22:16:29",rainy,640405058,Veggie Burger,savory
944,8,"2016-3-18 04:00:02",cloudy,640405112,Double Cheeseburger,savory
945,95,"2020-1-17 00:24:22",cloudy,640405296,Small Fries,savory
946,23,"2017-8-25 23:54:21",sunny,640405399,Large Shake,sweet
947,100,"2015-3-14 03:34:37",snowy,640404963,Cheeseburger,savory
948,12,"2015-11-10 06:20:21",snowy,640405371,Regular Drink,chilling
949,36,"2019-1-7 23:25:01",cloudy,640405085,Double Hamburger,savory
950,77,"2018-5-13 04:30:53",cloudy,640405112,Double Cheeseburger,savory
951,63,"2015-12-13 13:00:51",cloudy,640405355,Small Drink,chilling
952,39,"2016-8-17 07:58:46",rainy,640405380,Large Drink,chilling
953,60,"2016-10-6 00:08:22",sunny,640405399,Large Shake,sweet
954,35,"2016-11-28 06:40:24",rainy,640405380,Large Drink,chilling
955,94,"2017-12-19 10:39:14",snowy,640405085,Double Hamburger,savory
956,64,"2016-7-5 15:22:58",sunny,640405621,Veggie Cheeseburger,savory
957,90,"2016-10-20 16:47:35",cloudy,640404923,Hamburger,savory
958,5,"2016-5-19 09:40:00",sunny,640405371,Regular Drink,chilling
959,29,"2020-7-25 05:44:43",cloudy,640405323,Small Curly Fries,savory
960,40,"2016-3-15 13:56:22",sunny,640405058,Veggie Burger,savory
961,62,"2019-8-12 17:54:59",rainy,640405058,Veggie Burger,savory
962,98,"2015-2-14 07:15:46",rainy,640405172,Double Bacon Cheeseburger,savory
963,17,"2016-9-7 21:28:16",cloudy,640405399,Large Shake,sweet
964,45,"2020-11-24 13:03:26",sunny,640405307,Regular Fries,savory
965,95,"2020-5-21 08:54:12",snowy,640405347,Onion Rings,sweet
966,19,"2018-7-18 13:09:14",snowy,640405085,Double Hamburger,savory
967,21,"2018-12-7 08:33:27",sunny,640405380,Large Drink,chilling
968,7,"2015-3-28 02:24:07",snowy,640405307,Regular Fries,savory
969,34,"2018-11-16 06:15:14",snowy,640405025,Bacon Cheeseburger,savory
970,100,"2018-1-27 09:01:43",sunny,640405058,Veggie Burger,savory
971,10,"2015-9-5 17:25:38",sunny,640405025,Bacon Cheeseburger,savory
972,25,"2015-5-20 13:58:09",snowy,640405307,Regular Fries,savory
973,63,"2018-3-20 23:50:09",snowy,640405371,Regular Drink,chilling
974,54,"2017-5-15 22:22:50",rainy,640405085,Double Hamburger,savory
975,17,"2015-7-23 03:14:08",sunny,640405395,Regular Shake,sweet
976,100,"2017-3-21 11:35:50",snowy,640405296,Small Fries,savory
977,63,"2019-6-18 21:01:13",sunny,640405307,Regular Fries,savory
978,62,"2016-11-21 21:25:58",cloudy,640405307,Regular Fries,savory
979,17,"2015-7-11 02:25:21",snowy,640405058,Veggie Burger,savory
980,99,"2020-2-6 12:05:28",rainy,640405380,Large Drink,chilling
981,76,"2015-4-10 05:31:43",rainy,640405172,Double Bacon Cheeseburger,savory
982,50,"2018-2-23 23:34:52",snowy,640405025,Bacon Cheeseburger,savory
983,10,"2017-5-10 11:15:01",cloudy,640405380,Large Drink,chilling
984,78,"2017-8-1 07:35:41",snowy,640404923,Hamburger,savory
985,46,"2015-12-18 08:17:35",snowy,640405395,Regular Shake,sweet
986,44,"2016-5-16 17:01:14",snowy,640404963,Cheeseburger,savory
987,84,"2020-3-2 17:55:35",snowy,640405339,Large Curly Fries,savory
988,17,"2019-5-9 03:05:10",sunny,640405348,Coffee,bitter
989,13,"2020-7-23 17:29:27",snowy,640405355,Small Drink,chilling
990,97,"2017-9-3 05:37:14",sunny,640405172,Double Bacon Cheeseburger,savory
991,54,"2017-2-5 15:49:08",rainy,640405371,Regular Drink,chilling
992,6,"2016-8-18 22:44:58",rainy,640405389,Small Shake,sweet
993,70,"2016-6-19 17:06:51",snowy,640405621,Veggie Cheeseburger,savory
994,18,"2016-3-13 14:58:47",sunny,640405307,Regular Fries,savory
995,82,"2018-5-27 15:13:45",sunny,640405025,Bacon Cheeseburger,savory
996,15,"2018-7-18 20:41:36",sunny,640404923,Hamburger,savory
997,94,"2018-3-11 18:24:19",snowy,640405315,Large Fries,savory
998,68,"2018-10-10 05:21:23",rainy,640404963,Cheeseburger,savory
999,49,"2020-5-21 17:18:00",snowy,640405307,Regular Fries,savory
1000,84,"2016-2-11 08:43:46",rainy,640405371,Regular Drink,chilling
